{
  "llms": [
    "gpt-a3"
  ],
  "kotlin": {},
  "swift": {
    "gpt-a3": {
      "total": 75,
      "compiled": 16,
      "compile_rate": 0.21333333333333335,
      "position": 0.11378465758250457,
      "size": 0.10510567633321535,
      "color": 0.09779909524678564,
      "text": 0.16872178307472077
    }
  },
  "overall": {
    "gpt-a3": {
      "total": 75,
      "compiled": 16,
      "compile_rate": 0.21333333333333335,
      "position": 0.11378465758250457,
      "size": 0.10510567633321535,
      "color": 0.09779909524678564,
      "text": 0.16872178307472077,
      "average": 0.10556314305416853
    }
  }
}