{
  "llms": [
    "gpt-a3"
  ],
  "kotlin": {
    "gpt-a3": {
      "total": 75,
      "compiled": 38,
      "compile_rate": 0.5066666666666667,
      "position": 0.24360647723449158,
      "size": 0.2545240324028501,
      "color": 0.24766356284419697,
      "text": 0.47995907665379234
    }
  },
  "swift": {},
  "overall": {
    "gpt-a3": {
      "total": 75,
      "compiled": 38,
      "compile_rate": 0.5066666666666667,
      "position": 0.24360647723449158,
      "size": 0.2545240324028501,
      "color": 0.24766356284419697,
      "text": 0.47995907665379234,
      "average": 0.24859802416051288
    }
  }
}